--DROP TABLE bron;
--CREATE TABLE bron ( id INTEGER DEFAULT nextval('bron_id_seq'::regclass) NOT NULL, naam CHARACTER VARYING(255), url CHARACTER VARYING(255), gebruikersnaam CHARACTER VARYING(255), wachtwoord CHARACTER VARYING(255), volgorde INTEGER, PRIMARY KEY (id) );
insert into bron (id, naam, url, gebruikersnaam, wachtwoord, volgorde) values (1, 'nlrpp', 'http://afnemers.ruimtelijkeplannen.nl/afnemers/services?Version=1.0.0', null, null, 1);
insert into bron (id, naam, url, gebruikersnaam, wachtwoord, volgorde) values (2, 'gisdata', 'jdbc:postgresql://localhost:5432/gisdata', 'postgres', 'postgres', null);
insert into bron (id, naam, url, gebruikersnaam, wachtwoord, volgorde) values (3, 'ROO Direct', 'http://afnemers.ruimtelijkeplannen.nl:80/afnemers/services?', null, null, null);
--DROP TABLE clusters;
--CREATE TABLE clusters ( id INTEGER DEFAULT nextval('clusters_id_seq'::regclass) NOT NULL, naam CHARACTER VARYING(255), omschrijving CHARACTER VARYING(255), metadatalink CHARACTER VARYING(255), default_cluster BOOLEAN NOT NULL, hide_legend BOOLEAN NOT NULL, hide_tree BOOLEAN NOT NULL, background_cluster BOOLEAN NOT NULL, extra_level BOOLEAN NOT NULL, callable BOOLEAN NOT NULL, default_visible BOOLEAN NOT NULL, parent INTEGER, belangnr INTEGER DEFAULT 0 NOT NULL, PRIMARY KEY (id) );
insert into clusters (id, naam, omschrijving, metadatalink, default_cluster, hide_legend, hide_tree, background_cluster, extra_level, callable, default_visible, parent, belangnr) values (2, 'Cluster 2', null, null, '0', '0', '0', '0', '0', '0', '0', null, 20);
insert into clusters (id, naam, omschrijving, metadatalink, default_cluster, hide_legend, hide_tree, background_cluster, extra_level, callable, default_visible, parent, belangnr) values (1, 'Hoofdcluster', null, null, '0', '0', '0', '0', '0', '0', '0', null, 100);
insert into clusters (id, naam, omschrijving, metadatalink, default_cluster, hide_legend, hide_tree, background_cluster, extra_level, callable, default_visible, parent, belangnr) values (3, 'Cluster 3', null, null, '0', '0', '0', '1', '0', '0', '0', null, 30);
--DROP TABLE configuratie;
--CREATE TABLE configuratie ( id INTEGER DEFAULT nextval('configuratie_id_seq'::regclass) NOT NULL, property CHARACTER VARYING(255), propval CHARACTER VARYING, setting CHARACTER VARYING(255), soort CHARACTER VARYING(255) );
insert into configuratie (id, property, propval, setting, soort) values (311, 'useCookies', 'true', 'gebruiker', 'java.lang.Boolean');
insert into configuratie (id, property, propval, setting, soort) values (312, 'multipleActiveThemas', 'true', 'gebruiker', 'java.lang.Boolean');
insert into configuratie (id, property, propval, setting, soort) values (313, 'dataframepopupHandle', 'null', 'gebruiker', 'java.lang.Boolean');
insert into configuratie (id, property, propval, setting, soort) values (314, 'showLeftPanel', 'false', 'gebruiker', 'java.lang.Boolean');
insert into configuratie (id, property, propval, setting, soort) values (315, 'autoRedirect', '2', 'gebruiker', 'java.lang.Integer');
insert into configuratie (id, property, propval, setting, soort) values (316, 'useSortableFunction', 'false', 'gebruiker', 'java.lang.Boolean');
insert into configuratie (id, property, propval, setting, soort) values (317, 'layerDelay', '5000', 'gebruiker', 'java.lang.Integer');
insert into configuratie (id, property, propval, setting, soort) values (318, 'refreshDelay', '1000', 'gebruiker', 'java.lang.Integer');
insert into configuratie (id, property, propval, setting, soort) values (319, 'minBboxZoeken', '1000', 'gebruiker', 'java.lang.Integer');
insert into configuratie (id, property, propval, setting, soort) values (321, 'maxResults', '25', 'gebruiker', 'java.lang.Integer');
insert into configuratie (id, property, propval, setting, soort) values (322, 'usePopup', 'false', 'gebruiker', 'java.lang.Boolean');
insert into configuratie (id, property, propval, setting, soort) values (323, 'useDivPopup', 'false', 'gebruiker', 'java.lang.Boolean');
insert into configuratie (id, property, propval, setting, soort) values (324, 'usePanelControls', 'true', 'gebruiker', 'java.lang.Boolean');
insert into configuratie (id, property, propval, setting, soort) values (325, 'expandAll', 'true', 'gebruiker', 'java.lang.Boolean');
insert into configuratie (id, property, propval, setting, soort) values (326, 'tolerance', '1', 'gebruiker', 'java.lang.Integer');
insert into configuratie (id, property, propval, setting, soort) values (327, 'useInheritCheckbox', 'true', 'gebruiker', 'java.lang.Boolean');
insert into configuratie (id, property, propval, setting, soort) values (328, 'showLegendInTree', 'true', 'gebruiker', 'java.lang.Boolean');
insert into configuratie (id, property, propval, setting, soort) values (329, 'useMouseOverTabs', 'true', 'gebruiker', 'java.lang.Boolean');
insert into configuratie (id, property, propval, setting, soort) values (330, 'layoutAdminData', 'admindata1', 'gebruiker', 'java.lang.String');
insert into configuratie (id, property, propval, setting, soort) values (290, 'useCookies', 'true', 'default', 'java.lang.Boolean');
insert into configuratie (id, property, propval, setting, soort) values (291, 'multipleActiveThemas', 'true', 'default', 'java.lang.Boolean');
insert into configuratie (id, property, propval, setting, soort) values (292, 'dataframepopupHandle', 'null', 'default', 'java.lang.Boolean');
insert into configuratie (id, property, propval, setting, soort) values (293, 'showLeftPanel', 'false', 'default', 'java.lang.Boolean');
insert into configuratie (id, property, propval, setting, soort) values (294, 'autoRedirect', '2', 'default', 'java.lang.Integer');
insert into configuratie (id, property, propval, setting, soort) values (295, 'useSortableFunction', 'false', 'default', 'java.lang.Boolean');
insert into configuratie (id, property, propval, setting, soort) values (296, 'layerDelay', '5000', 'default', 'java.lang.Integer');
insert into configuratie (id, property, propval, setting, soort) values (297, 'refreshDelay', '1000', 'default', 'java.lang.Integer');
insert into configuratie (id, property, propval, setting, soort) values (251, 'useCookies', 'true', 'beheerder', 'java.lang.Boolean');
insert into configuratie (id, property, propval, setting, soort) values (252, 'multipleActiveThemas', 'true', 'beheerder', 'java.lang.Boolean');
insert into configuratie (id, property, propval, setting, soort) values (253, 'dataframepopupHandle', 'null', 'beheerder', 'java.lang.Boolean');
insert into configuratie (id, property, propval, setting, soort) values (254, 'showLeftPanel', 'false', 'beheerder', 'java.lang.Boolean');
insert into configuratie (id, property, propval, setting, soort) values (255, 'autoRedirect', '2', 'beheerder', 'java.lang.Integer');
insert into configuratie (id, property, propval, setting, soort) values (256, 'useSortableFunction', 'false', 'beheerder', 'java.lang.Boolean');
insert into configuratie (id, property, propval, setting, soort) values (257, 'layerDelay', '5000', 'beheerder', 'java.lang.Integer');
insert into configuratie (id, property, propval, setting, soort) values (258, 'refreshDelay', '1000', 'beheerder', 'java.lang.Integer');
insert into configuratie (id, property, propval, setting, soort) values (259, 'minBboxZoeken', '1000', 'beheerder', 'java.lang.Integer');
insert into configuratie (id, property, propval, setting, soort) values (261, 'maxResults', '25', 'beheerder', 'java.lang.Integer');
insert into configuratie (id, property, propval, setting, soort) values (262, 'usePopup', 'false', 'beheerder', 'java.lang.Boolean');
insert into configuratie (id, property, propval, setting, soort) values (263, 'useDivPopup', 'false', 'beheerder', 'java.lang.Boolean');
insert into configuratie (id, property, propval, setting, soort) values (264, 'usePanelControls', 'true', 'beheerder', 'java.lang.Boolean');
insert into configuratie (id, property, propval, setting, soort) values (265, 'expandAll', 'true', 'beheerder', 'java.lang.Boolean');
insert into configuratie (id, property, propval, setting, soort) values (267, 'tolerance', '1', 'beheerder', 'java.lang.Integer');
insert into configuratie (id, property, propval, setting, soort) values (268, 'rollenPrio', 'beheerder,gebruiker', 'rollen', 'java.lang.String');
insert into configuratie (id, property, propval, setting, soort) values (269, 'useInheritCheckbox', 'true', 'beheerder', 'java.lang.Boolean');
insert into configuratie (id, property, propval, setting, soort) values (270, 'showLegendInTree', 'true', 'beheerder', 'java.lang.Boolean');
insert into configuratie (id, property, propval, setting, soort) values (298, 'minBboxZoeken', '1000', 'default', 'java.lang.Integer');
insert into configuratie (id, property, propval, setting, soort) values (299, 'zoekConfigIds', '"1"', 'default', 'java.lang.String');
insert into configuratie (id, property, propval, setting, soort) values (300, 'maxResults', '25', 'default', 'java.lang.Integer');
insert into configuratie (id, property, propval, setting, soort) values (301, 'usePopup', 'false', 'default', 'java.lang.Boolean');
insert into configuratie (id, property, propval, setting, soort) values (302, 'useDivPopup', 'false', 'default', 'java.lang.Boolean');
insert into configuratie (id, property, propval, setting, soort) values (303, 'usePanelControls', 'true', 'default', 'java.lang.Boolean');
insert into configuratie (id, property, propval, setting, soort) values (304, 'expandAll', 'true', 'default', 'java.lang.Boolean');
insert into configuratie (id, property, propval, setting, soort) values (305, 'tolerance', '1', 'default', 'java.lang.Integer');
insert into configuratie (id, property, propval, setting, soort) values (306, 'useInheritCheckbox', 'true', 'default', 'java.lang.Boolean');
insert into configuratie (id, property, propval, setting, soort) values (307, 'showLegendInTree', 'true', 'default', 'java.lang.Boolean');
insert into configuratie (id, property, propval, setting, soort) values (308, 'useMouseOverTabs', 'true', 'default', 'java.lang.Boolean');
insert into configuratie (id, property, propval, setting, soort) values (309, 'layoutAdminData', 'admindata1', 'default', 'java.lang.String');
insert into configuratie (id, property, propval, setting, soort) values (333, 'tabs', '"themas","legenda","zoeken"', 'default', 'java.lang.String');
insert into configuratie (id, property, propval, setting, soort) values (334, 'tabs', '"themas","legenda","zoeken","analyse","gebieden"', 'gebruiker', 'java.lang.String');
insert into configuratie (id, property, propval, setting, soort) values (340, 'planSelectieIds', '""', 'gebruiker', 'java.lang.String');
insert into configuratie (id, property, propval, setting, soort) values (342, 'layoutAdminData', 'admindata1', 'beheerder', 'java.lang.String');
insert into configuratie (id, property, propval, setting, soort) values (339, 'planSelectieIds', '""', 'default', 'java.lang.String');
insert into configuratie (id, property, propval, setting, soort) values (344, 'useMouseOverTabs', 'true', 'beheerder', 'java.lang.Boolean');
insert into configuratie (id, property, propval, setting, soort) values (338, 'zoekConfigIds', '"1"', 'gebruiker', 'java.lang.String');
insert into configuratie (id, property, propval, setting, soort) values (266, 'tabs', '"themas","legenda","zoeken","analyse","gebieden"', 'beheerder', 'java.lang.String');
insert into configuratie (id, property, propval, setting, soort) values (260, 'zoekConfigIds', '"1,"', 'beheerder', 'java.lang.String');
insert into configuratie (id, property, propval, setting, soort) values (343, 'planSelectieIds', '"1,"', 'beheerder', 'java.lang.String');
--DROP TABLE data_typen;
--CREATE TABLE data_typen ( id INTEGER DEFAULT nextval('data_typen_id_seq'::regclass) NOT NULL, naam CHARACTER VARYING(255), PRIMARY KEY (id) );
insert into data_typen (id, naam) values (1, 'data');
insert into data_typen (id, naam) values (2, 'url');
insert into data_typen (id, naam) values (3, 'query');
insert into data_typen (id, naam) values (4, 'Javascript functie');
--DROP TABLE resultaatveld;
--CREATE TABLE resultaatveld ( id INTEGER DEFAULT nextval('resultaatveld_id_seq'::regclass) NOT NULL, naam CHARACTER VARYING(255), label CHARACTER VARYING(255), volgorde INTEGER, attribuutnaam CHARACTER VARYING(255), soort INTEGER, zoekconfiguratie INTEGER, PRIMARY KEY (id) );
insert into resultaatveld (id, naam, label, volgorde, attribuutnaam, soort, zoekconfiguratie) values (1, 'plannaam', 'plan naam', null, 'naam', 2, 1);
insert into resultaatveld (id, naam, label, volgorde, attribuutnaam, soort, zoekconfiguratie) values (2, 'planid', 'plan id', null, 'identificatie', 1, 1);
insert into resultaatveld (id, naam, label, volgorde, attribuutnaam, soort, zoekconfiguratie) values (3, 'documenten', 'documenten', null, 'verwijzingNaarTekst', 0, 1);
insert into resultaatveld (id, naam, label, volgorde, attribuutnaam, soort, zoekconfiguratie) values (4, 'plantype', 'plantype', null, 'typePlan', 0, 1);
insert into resultaatveld (id, naam, label, volgorde, attribuutnaam, soort, zoekconfiguratie) values (5, 'planstatus', 'planstatus', null, 'planstatus', 0, 1);
insert into resultaatveld (id, naam, label, volgorde, attribuutnaam, soort, zoekconfiguratie) values (6, 'geometry', 'geometry', null, 'geometrie', 3, 1);
--DROP TABLE thema_data;
--CREATE TABLE thema_data ( id INTEGER DEFAULT nextval('thema_data_id_seq'::regclass) NOT NULL, label CHARACTER VARYING(255), eenheid CHARACTER VARYING(255), omschrijving CHARACTER VARYING(255), basisregel BOOLEAN NOT NULL, voorbeelden CHARACTER VARYING(255), kolombreedte INTEGER NOT NULL, thema INTEGER, waarde_type INTEGER, data_type INTEGER, commando CHARACTER VARYING(255), kolomnaam CHARACTER VARYING(255), dataorder INTEGER, PRIMARY KEY (id) );
insert into thema_data (id, label, eenheid, omschrijving, basisregel, voorbeelden, kolombreedte, thema, waarde_type, data_type, commando, kolomnaam, dataorder) values (286, 'msGeometry', null, null, '0', null, 0, 3, 1, 1, null, 'msGeometry', null);
insert into thema_data (id, label, eenheid, omschrijving, basisregel, voorbeelden, kolombreedte, thema, waarde_type, data_type, commando, kolomnaam, dataorder) values (287, 'gm_naam', null, null, '0', null, 0, 3, 1, 1, null, 'gm_naam', null);
insert into thema_data (id, label, eenheid, omschrijving, basisregel, voorbeelden, kolombreedte, thema, waarde_type, data_type, commando, kolomnaam, dataorder) values (288, 'bu_code', null, null, '0', null, 0, 3, 1, 1, null, 'bu_code', null);
insert into thema_data (id, label, eenheid, omschrijving, basisregel, voorbeelden, kolombreedte, thema, waarde_type, data_type, commando, kolomnaam, dataorder) values (289, 'bu_naam', null, null, '0', null, 0, 3, 1, 1, null, 'bu_naam', null);
insert into thema_data (id, label, eenheid, omschrijving, basisregel, voorbeelden, kolombreedte, thema, waarde_type, data_type, commando, kolomnaam, dataorder) values (290, 'postcode', null, null, '0', null, 0, 3, 1, 1, null, 'postcode', null);
insert into thema_data (id, label, eenheid, omschrijving, basisregel, voorbeelden, kolombreedte, thema, waarde_type, data_type, commando, kolomnaam, dataorder) values (291, 'dek_perc', null, null, '0', null, 0, 3, 1, 1, null, 'dek_perc', null);
insert into thema_data (id, label, eenheid, omschrijving, basisregel, voorbeelden, kolombreedte, thema, waarde_type, data_type, commando, kolomnaam, dataorder) values (292, 'aant_inw', null, null, '0', null, 0, 3, 1, 1, null, 'aant_inw', null);
insert into thema_data (id, label, eenheid, omschrijving, basisregel, voorbeelden, kolombreedte, thema, waarde_type, data_type, commando, kolomnaam, dataorder) values (293, 'aant_man', null, null, '0', null, 0, 3, 1, 1, null, 'aant_man', null);
insert into thema_data (id, label, eenheid, omschrijving, basisregel, voorbeelden, kolombreedte, thema, waarde_type, data_type, commando, kolomnaam, dataorder) values (294, 'aant_vrouw', null, null, '0', null, 0, 3, 1, 1, null, 'aant_vrouw', null);
insert into thema_data (id, label, eenheid, omschrijving, basisregel, voorbeelden, kolombreedte, thema, waarde_type, data_type, commando, kolomnaam, dataorder) values (295, 'p_00_14_jr', null, null, '0', null, 0, 3, 1, 1, null, 'p_00_14_jr', null);
insert into thema_data (id, label, eenheid, omschrijving, basisregel, voorbeelden, kolombreedte, thema, waarde_type, data_type, commando, kolomnaam, dataorder) values (296, 'p_15_24_jr', null, null, '0', null, 0, 3, 1, 1, null, 'p_15_24_jr', null);
insert into thema_data (id, label, eenheid, omschrijving, basisregel, voorbeelden, kolombreedte, thema, waarde_type, data_type, commando, kolomnaam, dataorder) values (297, 'p25_44_jr', null, null, '0', null, 0, 3, 1, 1, null, 'p25_44_jr', null);
insert into thema_data (id, label, eenheid, omschrijving, basisregel, voorbeelden, kolombreedte, thema, waarde_type, data_type, commando, kolomnaam, dataorder) values (298, 'p_45_64_jr', null, null, '0', null, 0, 3, 1, 1, null, 'p_45_64_jr', null);
insert into thema_data (id, label, eenheid, omschrijving, basisregel, voorbeelden, kolombreedte, thema, waarde_type, data_type, commando, kolomnaam, dataorder) values (299, 'p_65_eo_jr', null, null, '0', null, 0, 3, 1, 1, null, 'p_65_eo_jr', null);
insert into thema_data (id, label, eenheid, omschrijving, basisregel, voorbeelden, kolombreedte, thema, waarde_type, data_type, commando, kolomnaam, dataorder) values (300, 'p_west_al', null, null, '0', null, 0, 3, 1, 1, null, 'p_west_al', null);
insert into thema_data (id, label, eenheid, omschrijving, basisregel, voorbeelden, kolombreedte, thema, waarde_type, data_type, commando, kolomnaam, dataorder) values (301, 'p_n_w_al', null, null, '0', null, 0, 3, 1, 1, null, 'p_n_w_al', null);
insert into thema_data (id, label, eenheid, omschrijving, basisregel, voorbeelden, kolombreedte, thema, waarde_type, data_type, commando, kolomnaam, dataorder) values (302, 'p_marrok', null, null, '0', null, 0, 3, 1, 1, null, 'p_marrok', null);
insert into thema_data (id, label, eenheid, omschrijving, basisregel, voorbeelden, kolombreedte, thema, waarde_type, data_type, commando, kolomnaam, dataorder) values (303, 'p_ant_aru', null, null, '0', null, 0, 3, 1, 1, null, 'p_ant_aru', null);
insert into thema_data (id, label, eenheid, omschrijving, basisregel, voorbeelden, kolombreedte, thema, waarde_type, data_type, commando, kolomnaam, dataorder) values (304, 'p_surinam', null, null, '0', null, 0, 3, 1, 1, null, 'p_surinam', null);
insert into thema_data (id, label, eenheid, omschrijving, basisregel, voorbeelden, kolombreedte, thema, waarde_type, data_type, commando, kolomnaam, dataorder) values (305, 'p_turkije', null, null, '0', null, 0, 3, 1, 1, null, 'p_turkije', null);
insert into thema_data (id, label, eenheid, omschrijving, basisregel, voorbeelden, kolombreedte, thema, waarde_type, data_type, commando, kolomnaam, dataorder) values (306, 'p_ov_nw', null, null, '0', null, 0, 3, 1, 1, null, 'p_ov_nw', null);
insert into thema_data (id, label, eenheid, omschrijving, basisregel, voorbeelden, kolombreedte, thema, waarde_type, data_type, commando, kolomnaam, dataorder) values (307, 'aantal_hh', null, null, '0', null, 0, 3, 1, 1, null, 'aantal_hh', null);
insert into thema_data (id, label, eenheid, omschrijving, basisregel, voorbeelden, kolombreedte, thema, waarde_type, data_type, commando, kolomnaam, dataorder) values (308, 'p_eenp_hh', null, null, '0', null, 0, 3, 1, 1, null, 'p_eenp_hh', null);
insert into thema_data (id, label, eenheid, omschrijving, basisregel, voorbeelden, kolombreedte, thema, waarde_type, data_type, commando, kolomnaam, dataorder) values (309, 'p_hh_z_k', null, null, '0', null, 0, 3, 1, 1, null, 'p_hh_z_k', null);
insert into thema_data (id, label, eenheid, omschrijving, basisregel, voorbeelden, kolombreedte, thema, waarde_type, data_type, commando, kolomnaam, dataorder) values (310, 'p_hh_m_k', null, null, '0', null, 0, 3, 1, 1, null, 'p_hh_m_k', null);
insert into thema_data (id, label, eenheid, omschrijving, basisregel, voorbeelden, kolombreedte, thema, waarde_type, data_type, commando, kolomnaam, dataorder) values (311, 'gem_hh_gr', null, null, '0', null, 0, 3, 1, 1, null, 'gem_hh_gr', null);
insert into thema_data (id, label, eenheid, omschrijving, basisregel, voorbeelden, kolombreedte, thema, waarde_type, data_type, commando, kolomnaam, dataorder) values (312, 'bev_dichth', null, null, '0', null, 0, 3, 1, 1, null, 'bev_dichth', null);
insert into thema_data (id, label, eenheid, omschrijving, basisregel, voorbeelden, kolombreedte, thema, waarde_type, data_type, commando, kolomnaam, dataorder) values (313, 'woningen', null, null, '0', null, 0, 3, 1, 1, null, 'woningen', null);
insert into thema_data (id, label, eenheid, omschrijving, basisregel, voorbeelden, kolombreedte, thema, waarde_type, data_type, commando, kolomnaam, dataorder) values (314, 'opp_tot', null, null, '0', null, 0, 3, 1, 1, null, 'opp_tot', null);
insert into thema_data (id, label, eenheid, omschrijving, basisregel, voorbeelden, kolombreedte, thema, waarde_type, data_type, commando, kolomnaam, dataorder) values (315, 'opp_land', null, null, '0', null, 0, 3, 1, 1, null, 'opp_land', null);
insert into thema_data (id, label, eenheid, omschrijving, basisregel, voorbeelden, kolombreedte, thema, waarde_type, data_type, commando, kolomnaam, dataorder) values (316, 'opp_water', null, null, '0', null, 0, 3, 1, 1, null, 'opp_water', null);
insert into thema_data (id, label, eenheid, omschrijving, basisregel, voorbeelden, kolombreedte, thema, waarde_type, data_type, commando, kolomnaam, dataorder) values (317, 'Extra', null, null, '1', null, 50, 3, 1, 2, 'viewerdata.do?aanvullendeinfo=t&', null, null);
insert into thema_data (id, label, eenheid, omschrijving, basisregel, voorbeelden, kolombreedte, thema, waarde_type, data_type, commando, kolomnaam, dataorder) values (65, 'JTE_ID_BEG', null, null, '0', null, 0, 4, 1, 1, null, 'JTE_ID_BEG', null);
insert into thema_data (id, label, eenheid, omschrijving, basisregel, voorbeelden, kolombreedte, thema, waarde_type, data_type, commando, kolomnaam, dataorder) values (66, 'JTE_ID_END', null, null, '0', null, 0, 4, 1, 1, null, 'JTE_ID_END', null);
insert into thema_data (id, label, eenheid, omschrijving, basisregel, voorbeelden, kolombreedte, thema, waarde_type, data_type, commando, kolomnaam, dataorder) values (67, 'N_TV', null, null, '0', null, 0, 4, 1, 1, null, 'N_TV', null);
insert into thema_data (id, label, eenheid, omschrijving, basisregel, voorbeelden, kolombreedte, thema, waarde_type, data_type, commando, kolomnaam, dataorder) values (68, 'SHAPE_LEN', null, null, '0', null, 0, 4, 1, 1, null, 'SHAPE_LEN', null);
insert into thema_data (id, label, eenheid, omschrijving, basisregel, voorbeelden, kolombreedte, thema, waarde_type, data_type, commando, kolomnaam, dataorder) values (69, 'WEGBEHSRT', null, null, '0', null, 0, 4, 1, 1, null, 'WEGBEHSRT', null);
insert into thema_data (id, label, eenheid, omschrijving, basisregel, voorbeelden, kolombreedte, thema, waarde_type, data_type, commando, kolomnaam, dataorder) values (70, 'WEGNUMMER', null, null, '0', null, 0, 4, 1, 1, null, 'WEGNUMMER', null);
insert into thema_data (id, label, eenheid, omschrijving, basisregel, voorbeelden, kolombreedte, thema, waarde_type, data_type, commando, kolomnaam, dataorder) values (71, 'WVK_BEGDAT', null, null, '0', null, 0, 4, 1, 1, null, 'WVK_BEGDAT', null);
insert into thema_data (id, label, eenheid, omschrijving, basisregel, voorbeelden, kolombreedte, thema, waarde_type, data_type, commando, kolomnaam, dataorder) values (72, 'WVK_ID', null, null, '0', null, 0, 4, 1, 1, null, 'WVK_ID', null);
insert into thema_data (id, label, eenheid, omschrijving, basisregel, voorbeelden, kolombreedte, thema, waarde_type, data_type, commando, kolomnaam, dataorder) values (74, 'Extra', null, null, '1', null, 50, 4, 1, 2, 'viewerdata.do?aanvullendeinfo=t&', null, null);
insert into thema_data (id, label, eenheid, omschrijving, basisregel, voorbeelden, kolombreedte, thema, waarde_type, data_type, commando, kolomnaam, dataorder) values (318, 'typePlan', null, null, '0', null, 0, 6, 1, 1, null, 'typePlan', null);
insert into thema_data (id, label, eenheid, omschrijving, basisregel, voorbeelden, kolombreedte, thema, waarde_type, data_type, commando, kolomnaam, dataorder) values (130, 'bestemmingshoofdgroep', null, null, '1', null, 0, 6, 1, 1, null, '{http://www.deegree.org/app}bestemmingshoofdgroep', 1000);
insert into thema_data (id, label, eenheid, omschrijving, basisregel, voorbeelden, kolombreedte, thema, waarde_type, data_type, commando, kolomnaam, dataorder) values (131, 'fid', null, null, '0', null, 0, 6, 1, 1, null, '{http://www.deegree.org/app}fid', null);
insert into thema_data (id, label, eenheid, omschrijving, basisregel, voorbeelden, kolombreedte, thema, waarde_type, data_type, commando, kolomnaam, dataorder) values (132, 'historisch', null, null, '0', null, 0, 6, 1, 1, null, '{http://www.deegree.org/app}historisch', null);
insert into thema_data (id, label, eenheid, omschrijving, basisregel, voorbeelden, kolombreedte, thema, waarde_type, data_type, commando, kolomnaam, dataorder) values (134, 'identificatie', null, null, '0', null, 0, 6, 1, 1, null, '{http://www.deegree.org/app}identificatie', null);
insert into thema_data (id, label, eenheid, omschrijving, basisregel, voorbeelden, kolombreedte, thema, waarde_type, data_type, commando, kolomnaam, dataorder) values (136, 'ondergeschikteFuncties', null, null, '0', null, 0, 6, 1, 1, null, '{http://www.deegree.org/app}ondergeschikteFuncties', null);
insert into thema_data (id, label, eenheid, omschrijving, basisregel, voorbeelden, kolombreedte, thema, waarde_type, data_type, commando, kolomnaam, dataorder) values (137, 'plangebied', null, null, '0', null, 0, 6, 1, 1, null, '{http://www.deegree.org/app}plangebied', null);
insert into thema_data (id, label, eenheid, omschrijving, basisregel, voorbeelden, kolombreedte, thema, waarde_type, data_type, commando, kolomnaam, dataorder) values (138, 'planstatus', null, null, '0', null, 0, 6, 1, 1, null, '{http://www.deegree.org/app}planstatus', null);
insert into thema_data (id, label, eenheid, omschrijving, basisregel, voorbeelden, kolombreedte, thema, waarde_type, data_type, commando, kolomnaam, dataorder) values (133, 'hoofdfuncties', null, null, '1', null, 0, 6, 1, 1, null, '{http://www.deegree.org/app}hoofdfuncties', 1001);
insert into thema_data (id, label, eenheid, omschrijving, basisregel, voorbeelden, kolombreedte, thema, waarde_type, data_type, commando, kolomnaam, dataorder) values (135, 'naam', null, null, '1', null, 0, 6, 1, 1, null, '{http://www.deegree.org/app}naam', 1002);
insert into thema_data (id, label, eenheid, omschrijving, basisregel, voorbeelden, kolombreedte, thema, waarde_type, data_type, commando, kolomnaam, dataorder) values (140, 'versieIMRO', null, null, '0', null, 0, 6, 1, 1, null, '{http://www.deegree.org/app}versieIMRO', null);
insert into thema_data (id, label, eenheid, omschrijving, basisregel, voorbeelden, kolombreedte, thema, waarde_type, data_type, commando, kolomnaam, dataorder) values (141, 'verwijzingNaarObjectgerichteTekst', null, null, '0', null, 0, 6, 1, 1, null, '{http://www.deegree.org/app}verwijzingNaarObjectgerichteTekst', null);
insert into thema_data (id, label, eenheid, omschrijving, basisregel, voorbeelden, kolombreedte, thema, waarde_type, data_type, commando, kolomnaam, dataorder) values (142, 'verwijzingNaarTekst', null, null, '0', null, 0, 6, 1, 1, null, '{http://www.deegree.org/app}verwijzingNaarTekst', null);
insert into thema_data (id, label, eenheid, omschrijving, basisregel, voorbeelden, kolombreedte, thema, waarde_type, data_type, commando, kolomnaam, dataorder) values (143, 'Extra', null, null, '1', null, 50, 6, 1, 2, 'viewerdata.do?aanvullendeinfo=t&', null, null);
insert into thema_data (id, label, eenheid, omschrijving, basisregel, voorbeelden, kolombreedte, thema, waarde_type, data_type, commando, kolomnaam, dataorder) values (169, 'bestemmingshoofdgroep', null, null, '0', null, 0, 8, 1, 1, null, '{http://www.deegree.org/app}bestemmingshoofdgroep', null);
insert into thema_data (id, label, eenheid, omschrijving, basisregel, voorbeelden, kolombreedte, thema, waarde_type, data_type, commando, kolomnaam, dataorder) values (170, 'fid', null, null, '0', null, 0, 8, 1, 1, null, '{http://www.deegree.org/app}fid', null);
insert into thema_data (id, label, eenheid, omschrijving, basisregel, voorbeelden, kolombreedte, thema, waarde_type, data_type, commando, kolomnaam, dataorder) values (171, 'historisch', null, null, '0', null, 0, 8, 1, 1, null, '{http://www.deegree.org/app}historisch', null);
insert into thema_data (id, label, eenheid, omschrijving, basisregel, voorbeelden, kolombreedte, thema, waarde_type, data_type, commando, kolomnaam, dataorder) values (173, 'identificatie', null, null, '0', null, 0, 8, 1, 1, null, '{http://www.deegree.org/app}identificatie', null);
insert into thema_data (id, label, eenheid, omschrijving, basisregel, voorbeelden, kolombreedte, thema, waarde_type, data_type, commando, kolomnaam, dataorder) values (174, 'naam', null, null, '0', null, 0, 8, 1, 1, null, '{http://www.deegree.org/app}naam', null);
insert into thema_data (id, label, eenheid, omschrijving, basisregel, voorbeelden, kolombreedte, thema, waarde_type, data_type, commando, kolomnaam, dataorder) values (176, 'plangebied', null, null, '0', null, 0, 8, 1, 1, null, '{http://www.deegree.org/app}plangebied', null);
insert into thema_data (id, label, eenheid, omschrijving, basisregel, voorbeelden, kolombreedte, thema, waarde_type, data_type, commando, kolomnaam, dataorder) values (177, 'planstatus', null, null, '0', null, 0, 8, 1, 1, null, '{http://www.deegree.org/app}planstatus', null);
insert into thema_data (id, label, eenheid, omschrijving, basisregel, voorbeelden, kolombreedte, thema, waarde_type, data_type, commando, kolomnaam, dataorder) values (178, 'typePlan', null, null, '0', null, 0, 8, 1, 1, null, '{http://www.deegree.org/app}typePlan', null);
insert into thema_data (id, label, eenheid, omschrijving, basisregel, voorbeelden, kolombreedte, thema, waarde_type, data_type, commando, kolomnaam, dataorder) values (179, 'versieIMRO', null, null, '0', null, 0, 8, 1, 1, null, '{http://www.deegree.org/app}versieIMRO', null);
insert into thema_data (id, label, eenheid, omschrijving, basisregel, voorbeelden, kolombreedte, thema, waarde_type, data_type, commando, kolomnaam, dataorder) values (180, 'verwijzingNaarObjectgerichteTekst', null, null, '0', null, 0, 8, 1, 1, null, '{http://www.deegree.org/app}verwijzingNaarObjectgerichteTekst', null);
insert into thema_data (id, label, eenheid, omschrijving, basisregel, voorbeelden, kolombreedte, thema, waarde_type, data_type, commando, kolomnaam, dataorder) values (181, 'verwijzingNaarTekst', null, null, '0', null, 0, 8, 1, 1, null, '{http://www.deegree.org/app}verwijzingNaarTekst', null);
insert into thema_data (id, label, eenheid, omschrijving, basisregel, voorbeelden, kolombreedte, thema, waarde_type, data_type, commando, kolomnaam, dataorder) values (182, 'Extra', null, null, '1', null, 50, 8, 1, 2, 'viewerdata.do?aanvullendeinfo=t&', null, null);
insert into thema_data (id, label, eenheid, omschrijving, basisregel, voorbeelden, kolombreedte, thema, waarde_type, data_type, commando, kolomnaam, dataorder) values (183, 'bestemmingshoofdgroep', null, null, '0', null, 0, 7, 1, 1, null, '{http://www.deegree.org/app}bestemmingshoofdgroep', null);
insert into thema_data (id, label, eenheid, omschrijving, basisregel, voorbeelden, kolombreedte, thema, waarde_type, data_type, commando, kolomnaam, dataorder) values (184, 'fid', null, null, '0', null, 0, 7, 1, 1, null, '{http://www.deegree.org/app}fid', null);
insert into thema_data (id, label, eenheid, omschrijving, basisregel, voorbeelden, kolombreedte, thema, waarde_type, data_type, commando, kolomnaam, dataorder) values (185, 'historisch', null, null, '0', null, 0, 7, 1, 1, null, '{http://www.deegree.org/app}historisch', null);
insert into thema_data (id, label, eenheid, omschrijving, basisregel, voorbeelden, kolombreedte, thema, waarde_type, data_type, commando, kolomnaam, dataorder) values (187, 'identificatie', null, null, '0', null, 0, 7, 1, 1, null, '{http://www.deegree.org/app}identificatie', null);
insert into thema_data (id, label, eenheid, omschrijving, basisregel, voorbeelden, kolombreedte, thema, waarde_type, data_type, commando, kolomnaam, dataorder) values (188, 'naam', null, null, '0', null, 0, 7, 1, 1, null, '{http://www.deegree.org/app}naam', null);
insert into thema_data (id, label, eenheid, omschrijving, basisregel, voorbeelden, kolombreedte, thema, waarde_type, data_type, commando, kolomnaam, dataorder) values (189, 'ondergeschikteFuncties', null, null, '0', null, 0, 7, 1, 1, null, '{http://www.deegree.org/app}ondergeschikteFuncties', null);
insert into thema_data (id, label, eenheid, omschrijving, basisregel, voorbeelden, kolombreedte, thema, waarde_type, data_type, commando, kolomnaam, dataorder) values (190, 'plangebied', null, null, '0', null, 0, 7, 1, 1, null, '{http://www.deegree.org/app}plangebied', null);
insert into thema_data (id, label, eenheid, omschrijving, basisregel, voorbeelden, kolombreedte, thema, waarde_type, data_type, commando, kolomnaam, dataorder) values (191, 'planstatus', null, null, '0', null, 0, 7, 1, 1, null, '{http://www.deegree.org/app}planstatus', null);
insert into thema_data (id, label, eenheid, omschrijving, basisregel, voorbeelden, kolombreedte, thema, waarde_type, data_type, commando, kolomnaam, dataorder) values (192, 'typePlan', null, null, '0', null, 0, 7, 1, 1, null, '{http://www.deegree.org/app}typePlan', null);
insert into thema_data (id, label, eenheid, omschrijving, basisregel, voorbeelden, kolombreedte, thema, waarde_type, data_type, commando, kolomnaam, dataorder) values (193, 'versieIMRO', null, null, '0', null, 0, 7, 1, 1, null, '{http://www.deegree.org/app}versieIMRO', null);
insert into thema_data (id, label, eenheid, omschrijving, basisregel, voorbeelden, kolombreedte, thema, waarde_type, data_type, commando, kolomnaam, dataorder) values (194, 'verwijzingNaarObjectgerichteTekst', null, null, '0', null, 0, 7, 1, 1, null, '{http://www.deegree.org/app}verwijzingNaarObjectgerichteTekst', null);
insert into thema_data (id, label, eenheid, omschrijving, basisregel, voorbeelden, kolombreedte, thema, waarde_type, data_type, commando, kolomnaam, dataorder) values (195, 'verwijzingNaarTekst', null, null, '0', null, 0, 7, 1, 1, null, '{http://www.deegree.org/app}verwijzingNaarTekst', null);
insert into thema_data (id, label, eenheid, omschrijving, basisregel, voorbeelden, kolombreedte, thema, waarde_type, data_type, commando, kolomnaam, dataorder) values (196, 'Extra', null, null, '1', null, 50, 7, 1, 2, 'viewerdata.do?aanvullendeinfo=t&', null, null);
insert into thema_data (id, label, eenheid, omschrijving, basisregel, voorbeelden, kolombreedte, thema, waarde_type, data_type, commando, kolomnaam, dataorder) values (186, 'hoofdfuncties', null, null, '1', null, 0, 7, 1, 1, null, '{http://www.deegree.org/app}hoofdfuncties', null);
insert into thema_data (id, label, eenheid, omschrijving, basisregel, voorbeelden, kolombreedte, thema, waarde_type, data_type, commando, kolomnaam, dataorder) values (172, 'hoofdfuncties', null, null, '1', null, 0, 8, 1, 1, null, '{http://www.deegree.org/app}hoofdfuncties', null);
insert into thema_data (id, label, eenheid, omschrijving, basisregel, voorbeelden, kolombreedte, thema, waarde_type, data_type, commando, kolomnaam, dataorder) values (175, 'ondergeschikteFuncties', null, null, '1', null, 0, 8, 1, 1, null, '{http://www.deegree.org/app}ondergeschikteFuncties', null);
insert into thema_data (id, label, eenheid, omschrijving, basisregel, voorbeelden, kolombreedte, thema, waarde_type, data_type, commando, kolomnaam, dataorder) values (198, 'BEHEERDER', null, null, '0', null, 0, 10, 1, 1, null, '{http://mapserver.gis.umn.edu/mapserver}BEHEERDER', null);
insert into thema_data (id, label, eenheid, omschrijving, basisregel, voorbeelden, kolombreedte, thema, waarde_type, data_type, commando, kolomnaam, dataorder) values (199, 'EIND_HMP', null, null, '0', null, 0, 10, 1, 1, null, '{http://mapserver.gis.umn.edu/mapserver}EIND_HMP', null);
insert into thema_data (id, label, eenheid, omschrijving, basisregel, voorbeelden, kolombreedte, thema, waarde_type, data_type, commando, kolomnaam, dataorder) values (200, 'NAAM_WEGVA', null, null, '0', null, 0, 10, 1, 1, null, '{http://mapserver.gis.umn.edu/mapserver}NAAM_WEGVA', null);
insert into thema_data (id, label, eenheid, omschrijving, basisregel, voorbeelden, kolombreedte, thema, waarde_type, data_type, commando, kolomnaam, dataorder) values (201, 'OBJECTID', null, null, '0', null, 0, 10, 1, 1, null, '{http://mapserver.gis.umn.edu/mapserver}OBJECTID', null);
insert into thema_data (id, label, eenheid, omschrijving, basisregel, voorbeelden, kolombreedte, thema, waarde_type, data_type, commando, kolomnaam, dataorder) values (202, 'TELPUNT', null, null, '0', null, 0, 10, 1, 1, null, '{http://mapserver.gis.umn.edu/mapserver}TELPUNT', null);
insert into thema_data (id, label, eenheid, omschrijving, basisregel, voorbeelden, kolombreedte, thema, waarde_type, data_type, commando, kolomnaam, dataorder) values (203, 'WEGN', null, null, '0', null, 0, 10, 1, 1, null, '{http://mapserver.gis.umn.edu/mapserver}WEGN', null);
insert into thema_data (id, label, eenheid, omschrijving, basisregel, voorbeelden, kolombreedte, thema, waarde_type, data_type, commando, kolomnaam, dataorder) values (204, 'Extra', null, null, '1', null, 50, 10, 1, 2, 'viewerdata.do?aanvullendeinfo=t&', null, null);
insert into thema_data (id, label, eenheid, omschrijving, basisregel, voorbeelden, kolombreedte, thema, waarde_type, data_type, commando, kolomnaam, dataorder) values (197, 'BEGIN_HMP', null, null, '0', null, 0, 10, null, 1, null, '{http://mapserver.gis.umn.edu/mapserver}BEGIN_HMP', null);
insert into thema_data (id, label, eenheid, omschrijving, basisregel, voorbeelden, kolombreedte, thema, waarde_type, data_type, commando, kolomnaam, dataorder) values (205, 'fid', null, null, '0', null, 0, 9, 1, 1, null, 'fid', null);
insert into thema_data (id, label, eenheid, omschrijving, basisregel, voorbeelden, kolombreedte, thema, waarde_type, data_type, commando, kolomnaam, dataorder) values (206, 'BeleidsmatigVerantwoordelijkeOverheid', null, null, '0', null, 0, 9, 1, 1, null, 'BeleidsmatigVerantwoordelijkeOverheid', null);
insert into thema_data (id, label, eenheid, omschrijving, basisregel, voorbeelden, kolombreedte, thema, waarde_type, data_type, commando, kolomnaam, dataorder) values (207, 'besluitnummer', null, null, '0', null, 0, 9, 1, 1, null, 'besluitnummer', null);
insert into thema_data (id, label, eenheid, omschrijving, basisregel, voorbeelden, kolombreedte, thema, waarde_type, data_type, commando, kolomnaam, dataorder) values (208, 'datum', null, null, '0', null, 0, 9, 1, 1, null, 'datum', null);
insert into thema_data (id, label, eenheid, omschrijving, basisregel, voorbeelden, kolombreedte, thema, waarde_type, data_type, commando, kolomnaam, dataorder) values (209, 'digitaalGewaarmerkt', null, null, '0', null, 0, 9, 1, 1, null, 'digitaalGewaarmerkt', null);
insert into thema_data (id, label, eenheid, omschrijving, basisregel, voorbeelden, kolombreedte, thema, waarde_type, data_type, commando, kolomnaam, dataorder) values (210, 'gemeenteCode', null, null, '0', null, 0, 9, 1, 1, null, 'gemeenteCode', null);
insert into thema_data (id, label, eenheid, omschrijving, basisregel, voorbeelden, kolombreedte, thema, waarde_type, data_type, commando, kolomnaam, dataorder) values (211, 'historisch', null, null, '0', null, 0, 9, 1, 1, null, 'historisch', null);
insert into thema_data (id, label, eenheid, omschrijving, basisregel, voorbeelden, kolombreedte, thema, waarde_type, data_type, commando, kolomnaam, dataorder) values (212, 'identificatie', null, null, '0', null, 0, 9, 1, 1, null, 'identificatie', null);
insert into thema_data (id, label, eenheid, omschrijving, basisregel, voorbeelden, kolombreedte, thema, waarde_type, data_type, commando, kolomnaam, dataorder) values (213, 'locatieNaam', null, null, '0', null, 0, 9, 1, 1, null, 'locatieNaam', null);
insert into thema_data (id, label, eenheid, omschrijving, basisregel, voorbeelden, kolombreedte, thema, waarde_type, data_type, commando, kolomnaam, dataorder) values (214, 'naam', null, null, '0', null, 0, 9, 1, 1, null, 'naam', null);
insert into thema_data (id, label, eenheid, omschrijving, basisregel, voorbeelden, kolombreedte, thema, waarde_type, data_type, commando, kolomnaam, dataorder) values (215, 'naamOverheid', null, null, '0', null, 0, 9, 1, 1, null, 'naamOverheid', null);
insert into thema_data (id, label, eenheid, omschrijving, basisregel, voorbeelden, kolombreedte, thema, waarde_type, data_type, commando, kolomnaam, dataorder) values (216, 'ondergrond', null, null, '0', null, 0, 9, 1, 1, null, 'ondergrond', null);
insert into thema_data (id, label, eenheid, omschrijving, basisregel, voorbeelden, kolombreedte, thema, waarde_type, data_type, commando, kolomnaam, dataorder) values (217, 'overheidscode', null, null, '0', null, 0, 9, 1, 1, null, 'overheidscode', null);
insert into thema_data (id, label, eenheid, omschrijving, basisregel, voorbeelden, kolombreedte, thema, waarde_type, data_type, commando, kolomnaam, dataorder) values (218, 'plangebied', null, null, '0', null, 0, 9, 1, 1, null, 'plangebied', null);
insert into thema_data (id, label, eenheid, omschrijving, basisregel, voorbeelden, kolombreedte, thema, waarde_type, data_type, commando, kolomnaam, dataorder) values (219, 'planstatus', null, null, '0', null, 0, 9, 1, 1, null, 'planstatus', null);
insert into thema_data (id, label, eenheid, omschrijving, basisregel, voorbeelden, kolombreedte, thema, waarde_type, data_type, commando, kolomnaam, dataorder) values (220, 'provincieCode', null, null, '0', null, 0, 9, 1, 1, null, 'provincieCode', null);
insert into thema_data (id, label, eenheid, omschrijving, basisregel, voorbeelden, kolombreedte, thema, waarde_type, data_type, commando, kolomnaam, dataorder) values (221, 'typePlan', null, null, '0', null, 0, 9, 1, 1, null, 'typePlan', null);
insert into thema_data (id, label, eenheid, omschrijving, basisregel, voorbeelden, kolombreedte, thema, waarde_type, data_type, commando, kolomnaam, dataorder) values (222, 'versieIMRO', null, null, '0', null, 0, 9, 1, 1, null, 'versieIMRO', null);
insert into thema_data (id, label, eenheid, omschrijving, basisregel, voorbeelden, kolombreedte, thema, waarde_type, data_type, commando, kolomnaam, dataorder) values (223, 'verwijzingNaarExternPlan', null, null, '0', null, 0, 9, 1, 1, null, 'verwijzingNaarExternPlan', null);
insert into thema_data (id, label, eenheid, omschrijving, basisregel, voorbeelden, kolombreedte, thema, waarde_type, data_type, commando, kolomnaam, dataorder) values (224, 'verwijzingNaarObjectgerichteTekst', null, null, '0', null, 0, 9, 1, 1, null, 'verwijzingNaarObjectgerichteTekst', null);
insert into thema_data (id, label, eenheid, omschrijving, basisregel, voorbeelden, kolombreedte, thema, waarde_type, data_type, commando, kolomnaam, dataorder) values (225, 'verwijzingNaarTekst', null, null, '0', null, 0, 9, 1, 1, null, 'verwijzingNaarTekst', null);
insert into thema_data (id, label, eenheid, omschrijving, basisregel, voorbeelden, kolombreedte, thema, waarde_type, data_type, commando, kolomnaam, dataorder) values (226, 'verwijzingNaarVaststellingsbesluit', null, null, '0', null, 0, 9, 1, 1, null, 'verwijzingNaarVaststellingsbesluit', null);
insert into thema_data (id, label, eenheid, omschrijving, basisregel, voorbeelden, kolombreedte, thema, waarde_type, data_type, commando, kolomnaam, dataorder) values (227, 'verwijzingNorm', null, null, '0', null, 0, 9, 1, 1, null, 'verwijzingNorm', null);
insert into thema_data (id, label, eenheid, omschrijving, basisregel, voorbeelden, kolombreedte, thema, waarde_type, data_type, commando, kolomnaam, dataorder) values (228, 'woonplaatsNaam', null, null, '0', null, 0, 9, 1, 1, null, 'woonplaatsNaam', null);
insert into thema_data (id, label, eenheid, omschrijving, basisregel, voorbeelden, kolombreedte, thema, waarde_type, data_type, commando, kolomnaam, dataorder) values (229, 'geometrie', null, null, '0', null, 0, 9, 1, 1, null, 'geometrie', null);
insert into thema_data (id, label, eenheid, omschrijving, basisregel, voorbeelden, kolombreedte, thema, waarde_type, data_type, commando, kolomnaam, dataorder) values (230, 'Extra', null, null, '1', null, 50, 9, 1, 2, 'viewerdata.do?aanvullendeinfo=t&', null, null);
insert into thema_data (id, label, eenheid, omschrijving, basisregel, voorbeelden, kolombreedte, thema, waarde_type, data_type, commando, kolomnaam, dataorder) values (231, 'msGeometry', null, null, '0', null, 0, 2, 1, 1, null, 'msGeometry', null);
insert into thema_data (id, label, eenheid, omschrijving, basisregel, voorbeelden, kolombreedte, thema, waarde_type, data_type, commando, kolomnaam, dataorder) values (232, 'wbccode', null, null, '0', null, 0, 2, 1, 1, null, 'wbccode', null);
insert into thema_data (id, label, eenheid, omschrijving, basisregel, voorbeelden, kolombreedte, thema, waarde_type, data_type, commando, kolomnaam, dataorder) values (233, 'gm_code', null, null, '0', null, 0, 2, 1, 1, null, 'gm_code', null);
insert into thema_data (id, label, eenheid, omschrijving, basisregel, voorbeelden, kolombreedte, thema, waarde_type, data_type, commando, kolomnaam, dataorder) values (234, 'gm_naam', null, null, '0', null, 0, 2, 1, 1, null, 'gm_naam', null);
insert into thema_data (id, label, eenheid, omschrijving, basisregel, voorbeelden, kolombreedte, thema, waarde_type, data_type, commando, kolomnaam, dataorder) values (235, 'wk_code', null, null, '0', null, 0, 2, 1, 1, null, 'wk_code', null);
insert into thema_data (id, label, eenheid, omschrijving, basisregel, voorbeelden, kolombreedte, thema, waarde_type, data_type, commando, kolomnaam, dataorder) values (236, 'bu_code', null, null, '0', null, 0, 2, 1, 1, null, 'bu_code', null);
insert into thema_data (id, label, eenheid, omschrijving, basisregel, voorbeelden, kolombreedte, thema, waarde_type, data_type, commando, kolomnaam, dataorder) values (237, 'bu_naam', null, null, '0', null, 0, 2, 1, 1, null, 'bu_naam', null);
insert into thema_data (id, label, eenheid, omschrijving, basisregel, voorbeelden, kolombreedte, thema, waarde_type, data_type, commando, kolomnaam, dataorder) values (238, 'aant_inw', null, null, '0', null, 0, 2, 1, 1, null, 'aant_inw', null);
insert into thema_data (id, label, eenheid, omschrijving, basisregel, voorbeelden, kolombreedte, thema, waarde_type, data_type, commando, kolomnaam, dataorder) values (239, 'aant_man', null, null, '0', null, 0, 2, 1, 1, null, 'aant_man', null);
insert into thema_data (id, label, eenheid, omschrijving, basisregel, voorbeelden, kolombreedte, thema, waarde_type, data_type, commando, kolomnaam, dataorder) values (240, 'aant_vrouw', null, null, '0', null, 0, 2, 1, 1, null, 'aant_vrouw', null);
insert into thema_data (id, label, eenheid, omschrijving, basisregel, voorbeelden, kolombreedte, thema, waarde_type, data_type, commando, kolomnaam, dataorder) values (241, 'p_00_14_jr', null, null, '0', null, 0, 2, 1, 1, null, 'p_00_14_jr', null);
insert into thema_data (id, label, eenheid, omschrijving, basisregel, voorbeelden, kolombreedte, thema, waarde_type, data_type, commando, kolomnaam, dataorder) values (242, 'p_15_24_jr', null, null, '0', null, 0, 2, 1, 1, null, 'p_15_24_jr', null);
insert into thema_data (id, label, eenheid, omschrijving, basisregel, voorbeelden, kolombreedte, thema, waarde_type, data_type, commando, kolomnaam, dataorder) values (243, 'p_25_44_jr', null, null, '0', null, 0, 2, 1, 1, null, 'p_25_44_jr', null);
insert into thema_data (id, label, eenheid, omschrijving, basisregel, voorbeelden, kolombreedte, thema, waarde_type, data_type, commando, kolomnaam, dataorder) values (244, 'p_45_64_jr', null, null, '0', null, 0, 2, 1, 1, null, 'p_45_64_jr', null);
insert into thema_data (id, label, eenheid, omschrijving, basisregel, voorbeelden, kolombreedte, thema, waarde_type, data_type, commando, kolomnaam, dataorder) values (245, 'p_65_eo_jr', null, null, '0', null, 0, 2, 1, 1, null, 'p_65_eo_jr', null);
insert into thema_data (id, label, eenheid, omschrijving, basisregel, voorbeelden, kolombreedte, thema, waarde_type, data_type, commando, kolomnaam, dataorder) values (246, 'p_west_al', null, null, '0', null, 0, 2, 1, 1, null, 'p_west_al', null);
insert into thema_data (id, label, eenheid, omschrijving, basisregel, voorbeelden, kolombreedte, thema, waarde_type, data_type, commando, kolomnaam, dataorder) values (247, 'p_n_w_al', null, null, '0', null, 0, 2, 1, 1, null, 'p_n_w_al', null);
insert into thema_data (id, label, eenheid, omschrijving, basisregel, voorbeelden, kolombreedte, thema, waarde_type, data_type, commando, kolomnaam, dataorder) values (248, 'p_marrok', null, null, '0', null, 0, 2, 1, 1, null, 'p_marrok', null);
insert into thema_data (id, label, eenheid, omschrijving, basisregel, voorbeelden, kolombreedte, thema, waarde_type, data_type, commando, kolomnaam, dataorder) values (249, 'p_ant_aru', null, null, '0', null, 0, 2, 1, 1, null, 'p_ant_aru', null);
insert into thema_data (id, label, eenheid, omschrijving, basisregel, voorbeelden, kolombreedte, thema, waarde_type, data_type, commando, kolomnaam, dataorder) values (250, 'p_surinam', null, null, '0', null, 0, 2, 1, 1, null, 'p_surinam', null);
insert into thema_data (id, label, eenheid, omschrijving, basisregel, voorbeelden, kolombreedte, thema, waarde_type, data_type, commando, kolomnaam, dataorder) values (251, 'p_turkije', null, null, '0', null, 0, 2, 1, 1, null, 'p_turkije', null);
insert into thema_data (id, label, eenheid, omschrijving, basisregel, voorbeelden, kolombreedte, thema, waarde_type, data_type, commando, kolomnaam, dataorder) values (252, 'p_over_nw', null, null, '0', null, 0, 2, 1, 1, null, 'p_over_nw', null);
insert into thema_data (id, label, eenheid, omschrijving, basisregel, voorbeelden, kolombreedte, thema, waarde_type, data_type, commando, kolomnaam, dataorder) values (253, 'aantal_hh', null, null, '0', null, 0, 2, 1, 1, null, 'aantal_hh', null);
insert into thema_data (id, label, eenheid, omschrijving, basisregel, voorbeelden, kolombreedte, thema, waarde_type, data_type, commando, kolomnaam, dataorder) values (254, 'p_eenp_hh', null, null, '0', null, 0, 2, 1, 1, null, 'p_eenp_hh', null);
insert into thema_data (id, label, eenheid, omschrijving, basisregel, voorbeelden, kolombreedte, thema, waarde_type, data_type, commando, kolomnaam, dataorder) values (255, 'p_hh_z_k', null, null, '0', null, 0, 2, 1, 1, null, 'p_hh_z_k', null);
insert into thema_data (id, label, eenheid, omschrijving, basisregel, voorbeelden, kolombreedte, thema, waarde_type, data_type, commando, kolomnaam, dataorder) values (256, 'p_hh_m_k', null, null, '0', null, 0, 2, 1, 1, null, 'p_hh_m_k', null);
insert into thema_data (id, label, eenheid, omschrijving, basisregel, voorbeelden, kolombreedte, thema, waarde_type, data_type, commando, kolomnaam, dataorder) values (257, 'gem_hh_gr', null, null, '0', null, 0, 2, 1, 1, null, 'gem_hh_gr', null);
insert into thema_data (id, label, eenheid, omschrijving, basisregel, voorbeelden, kolombreedte, thema, waarde_type, data_type, commando, kolomnaam, dataorder) values (258, 'woningen', null, null, '0', null, 0, 2, 1, 1, null, 'woningen', null);
insert into thema_data (id, label, eenheid, omschrijving, basisregel, voorbeelden, kolombreedte, thema, waarde_type, data_type, commando, kolomnaam, dataorder) values (259, 'woz', null, null, '0', null, 0, 2, 1, 1, null, 'woz', null);
insert into thema_data (id, label, eenheid, omschrijving, basisregel, voorbeelden, kolombreedte, thema, waarde_type, data_type, commando, kolomnaam, dataorder) values (260, 'bev_dichth', null, null, '0', null, 0, 2, 1, 1, null, 'bev_dichth', null);
insert into thema_data (id, label, eenheid, omschrijving, basisregel, voorbeelden, kolombreedte, thema, waarde_type, data_type, commando, kolomnaam, dataorder) values (261, 'opp_land', null, null, '0', null, 0, 2, 1, 1, null, 'opp_land', null);
insert into thema_data (id, label, eenheid, omschrijving, basisregel, voorbeelden, kolombreedte, thema, waarde_type, data_type, commando, kolomnaam, dataorder) values (262, 'opp_tot', null, null, '0', null, 0, 2, 1, 1, null, 'opp_tot', null);
insert into thema_data (id, label, eenheid, omschrijving, basisregel, voorbeelden, kolombreedte, thema, waarde_type, data_type, commando, kolomnaam, dataorder) values (263, 'opp_water', null, null, '0', null, 0, 2, 1, 1, null, 'opp_water', null);
insert into thema_data (id, label, eenheid, omschrijving, basisregel, voorbeelden, kolombreedte, thema, waarde_type, data_type, commando, kolomnaam, dataorder) values (264, 'oad', null, null, '0', null, 0, 2, 1, 1, null, 'oad', null);
insert into thema_data (id, label, eenheid, omschrijving, basisregel, voorbeelden, kolombreedte, thema, waarde_type, data_type, commando, kolomnaam, dataorder) values (265, 'sted', null, null, '0', null, 0, 2, 1, 1, null, 'sted', null);
insert into thema_data (id, label, eenheid, omschrijving, basisregel, voorbeelden, kolombreedte, thema, waarde_type, data_type, commando, kolomnaam, dataorder) values (266, 'auto_tot', null, null, '0', null, 0, 2, 1, 1, null, 'auto_tot', null);
insert into thema_data (id, label, eenheid, omschrijving, basisregel, voorbeelden, kolombreedte, thema, waarde_type, data_type, commando, kolomnaam, dataorder) values (267, 'bedr_auto', null, null, '0', null, 0, 2, 1, 1, null, 'bedr_auto', null);
insert into thema_data (id, label, eenheid, omschrijving, basisregel, voorbeelden, kolombreedte, thema, waarde_type, data_type, commando, kolomnaam, dataorder) values (268, 'motor_2w', null, null, '0', null, 0, 2, 1, 1, null, 'motor_2w', null);
insert into thema_data (id, label, eenheid, omschrijving, basisregel, voorbeelden, kolombreedte, thema, waarde_type, data_type, commando, kolomnaam, dataorder) values (269, 'auto_hh', null, null, '0', null, 0, 2, 1, 1, null, 'auto_hh', null);
insert into thema_data (id, label, eenheid, omschrijving, basisregel, voorbeelden, kolombreedte, thema, waarde_type, data_type, commando, kolomnaam, dataorder) values (270, 'auto_land', null, null, '0', null, 0, 2, 1, 1, null, 'auto_land', null);
insert into thema_data (id, label, eenheid, omschrijving, basisregel, voorbeelden, kolombreedte, thema, waarde_type, data_type, commando, kolomnaam, dataorder) values (271, 'auto_mut', null, null, '0', null, 0, 2, 1, 1, null, 'auto_mut', null);
insert into thema_data (id, label, eenheid, omschrijving, basisregel, voorbeelden, kolombreedte, thema, waarde_type, data_type, commando, kolomnaam, dataorder) values (272, 'wwb_uittot', null, null, '0', null, 0, 2, 1, 1, null, 'wwb_uittot', null);
insert into thema_data (id, label, eenheid, omschrijving, basisregel, voorbeelden, kolombreedte, thema, waarde_type, data_type, commando, kolomnaam, dataorder) values (273, 'p_wwb_uit', null, null, '0', null, 0, 2, 1, 1, null, 'p_wwb_uit', null);
insert into thema_data (id, label, eenheid, omschrijving, basisregel, voorbeelden, kolombreedte, thema, waarde_type, data_type, commando, kolomnaam, dataorder) values (274, 'ao_uit_tot', null, null, '0', null, 0, 2, 1, 1, null, 'ao_uit_tot', null);
insert into thema_data (id, label, eenheid, omschrijving, basisregel, voorbeelden, kolombreedte, thema, waarde_type, data_type, commando, kolomnaam, dataorder) values (275, 'p_ao_uit', null, null, '0', null, 0, 2, 1, 1, null, 'p_ao_uit', null);
insert into thema_data (id, label, eenheid, omschrijving, basisregel, voorbeelden, kolombreedte, thema, waarde_type, data_type, commando, kolomnaam, dataorder) values (276, 'bedr_klas', null, null, '0', null, 0, 2, 1, 1, null, 'bedr_klas', null);
insert into thema_data (id, label, eenheid, omschrijving, basisregel, voorbeelden, kolombreedte, thema, waarde_type, data_type, commando, kolomnaam, dataorder) values (277, 'p_industri', null, null, '0', null, 0, 2, 1, 1, null, 'p_industri', null);
insert into thema_data (id, label, eenheid, omschrijving, basisregel, voorbeelden, kolombreedte, thema, waarde_type, data_type, commando, kolomnaam, dataorder) values (278, 'p_com_dv', null, null, '0', null, 0, 2, 1, 1, null, 'p_com_dv', null);
insert into thema_data (id, label, eenheid, omschrijving, basisregel, voorbeelden, kolombreedte, thema, waarde_type, data_type, commando, kolomnaam, dataorder) values (279, 'p_n_com_dv', null, null, '0', null, 0, 2, 1, 1, null, 'p_n_com_dv', null);
insert into thema_data (id, label, eenheid, omschrijving, basisregel, voorbeelden, kolombreedte, thema, waarde_type, data_type, commando, kolomnaam, dataorder) values (280, 'agra_bedr', null, null, '0', null, 0, 2, 1, 1, null, 'agra_bedr', null);
insert into thema_data (id, label, eenheid, omschrijving, basisregel, voorbeelden, kolombreedte, thema, waarde_type, data_type, commando, kolomnaam, dataorder) values (281, 'p_gewassen', null, null, '0', null, 0, 2, 1, 1, null, 'p_gewassen', null);
insert into thema_data (id, label, eenheid, omschrijving, basisregel, voorbeelden, kolombreedte, thema, waarde_type, data_type, commando, kolomnaam, dataorder) values (282, 'p_veeteelt', null, null, '0', null, 0, 2, 1, 1, null, 'p_veeteelt', null);
insert into thema_data (id, label, eenheid, omschrijving, basisregel, voorbeelden, kolombreedte, thema, waarde_type, data_type, commando, kolomnaam, dataorder) values (283, 'p_combi', null, null, '0', null, 0, 2, 1, 1, null, 'p_combi', null);
insert into thema_data (id, label, eenheid, omschrijving, basisregel, voorbeelden, kolombreedte, thema, waarde_type, data_type, commando, kolomnaam, dataorder) values (284, 'id', null, null, '0', null, 0, 2, 1, 1, null, 'id', null);
insert into thema_data (id, label, eenheid, omschrijving, basisregel, voorbeelden, kolombreedte, thema, waarde_type, data_type, commando, kolomnaam, dataorder) values (285, 'Extra', null, null, '1', null, 50, 2, 1, 2, 'viewerdata.do?aanvullendeinfo=t&', null, null);
--DROP TABLE themas;
--CREATE TABLE themas ( id INTEGER DEFAULT nextval('themas_id_seq'::regclass) NOT NULL, code CHARACTER VARYING(255), naam CHARACTER VARYING(255), metadata_link CHARACTER VARYING(255), connectie INTEGER, belangnr INTEGER NOT NULL, clusters INTEGER NOT NULL, opmerkingen TEXT, analyse_thema BOOLEAN NOT NULL, locatie_thema BOOLEAN NOT NULL, visible BOOLEAN NOT NULL, admin_tabel_opmerkingen CHARACTER VARYING(255), admin_tabel CHARACTER VARYING(255), admin_pk CHARACTER VARYING(255), admin_pk_complex BOOLEAN NOT NULL, admin_spatial_ref CHARACTER VARYING(255), admin_query TEXT, spatial_tabel_opmerkingen TEXT, spatial_tabel CHARACTER VARYING(255), spatial_pk CHARACTER VARYING(255), spatial_pk_complex BOOLEAN NOT NULL, spatial_admin_ref CHARACTER VARYING(255), wms_url CHARACTER VARYING(255), wms_layers CHARACTER VARYING(255), wms_layers_real CHARACTER VARYING(255), wms_legendlayer CHARACTER VARYING(255), wms_legendlayer_real CHARACTER VARYING(255), wms_querylayers CHARACTER VARYING(255), wms_querylayers_real CHARACTER VARYING(255), update_frequentie_in_dagen INTEGER, view_geomtype CHARACTER VARYING(255), organizationcodekey CHARACTER VARYING(255), maptipstring CHARACTER VARYING(255), sldattribuut CHARACTER VARYING(255), layoutadmindata CHARACTER VARYING(255), PRIMARY KEY (id) );
insert into themas (id, code, naam, metadata_link, connectie, belangnr, clusters, opmerkingen, analyse_thema, locatie_thema, visible, admin_tabel_opmerkingen, admin_tabel, admin_pk, admin_pk_complex, admin_spatial_ref, admin_query, spatial_tabel_opmerkingen, spatial_tabel, spatial_pk, spatial_pk_complex, spatial_admin_ref, wms_url, wms_layers, wms_layers_real, wms_legendlayer, wms_legendlayer_real, wms_querylayers, wms_querylayers_real, update_frequentie_in_dagen, view_geomtype, organizationcodekey, maptipstring, sldattribuut, layoutadmindata) values (9, '1', 'Bestemmingsplangebied', null, null, 0, 1, null, '1', '0', '0', null, 'roowfs_Bestemmingsplangebied', 'fid', '0', null, null, null, null, null, '0', null, null, null, 'roo_BP:Bestemmingsplangebied', null, 'roo_BP:Bestemmingsplangebied', null, null, null, null, null, null, null, null);
insert into themas (id, code, naam, metadata_link, connectie, belangnr, clusters, opmerkingen, analyse_thema, locatie_thema, visible, admin_tabel_opmerkingen, admin_tabel, admin_pk, admin_pk_complex, admin_spatial_ref, admin_query, spatial_tabel_opmerkingen, spatial_tabel, spatial_pk, spatial_pk_complex, spatial_admin_ref, wms_url, wms_layers, wms_layers_real, wms_legendlayer, wms_legendlayer_real, wms_querylayers, wms_querylayers_real, update_frequentie_in_dagen, view_geomtype, organizationcodekey, maptipstring, sldattribuut, layoutadmindata) values (2, '1', 'Gemeente', null, null, 0, 1, null, '1', '0', '0', null, 'demowfs_gemeenten_2006', 'id', '0', null, null, null, null, null, '0', null, null, null, 'demo_gemeenten_2006', null, 'demo_gemeenten_2006', null, null, null, null, null, null, null, null);
insert into themas (id, code, naam, metadata_link, connectie, belangnr, clusters, opmerkingen, analyse_thema, locatie_thema, visible, admin_tabel_opmerkingen, admin_tabel, admin_pk, admin_pk_complex, admin_spatial_ref, admin_query, spatial_tabel_opmerkingen, spatial_tabel, spatial_pk, spatial_pk_complex, spatial_admin_ref, wms_url, wms_layers, wms_layers_real, wms_legendlayer, wms_legendlayer_real, wms_querylayers, wms_querylayers_real, update_frequentie_in_dagen, view_geomtype, organizationcodekey, maptipstring, sldattribuut, layoutadmindata) values (3, '1', 'Buurten', null, null, 0, 3, null, '1', '0', '0', null, 'demowfs_buurten_2006', 'bu_code', '0', null, null, null, null, null, '0', null, null, null, 'demo_buurten_2006', null, 'demo_buurten_2006', null, null, null, null, null, null, null, null);
insert into themas (id, code, naam, metadata_link, connectie, belangnr, clusters, opmerkingen, analyse_thema, locatie_thema, visible, admin_tabel_opmerkingen, admin_tabel, admin_pk, admin_pk_complex, admin_spatial_ref, admin_query, spatial_tabel_opmerkingen, spatial_tabel, spatial_pk, spatial_pk_complex, spatial_admin_ref, wms_url, wms_layers, wms_layers_real, wms_legendlayer, wms_legendlayer_real, wms_querylayers, wms_querylayers_real, update_frequentie_in_dagen, view_geomtype, organizationcodekey, maptipstring, sldattribuut, layoutadmindata) values (4, '1', 'telvakken', null, 2, 0, 3, null, '1', '0', '1', null, 'TELVAKKEN_ml', 'telvakken_ml_fid', '0', null, 'select * from "TELVAKKEN_ml" where "telvakken_ml_fid" = ?', null, null, null, '0', null, null, null, null, null, null, null, null, null, null, null, null, null, null);
insert into themas (id, code, naam, metadata_link, connectie, belangnr, clusters, opmerkingen, analyse_thema, locatie_thema, visible, admin_tabel_opmerkingen, admin_tabel, admin_pk, admin_pk_complex, admin_spatial_ref, admin_query, spatial_tabel_opmerkingen, spatial_tabel, spatial_pk, spatial_pk_complex, spatial_admin_ref, wms_url, wms_layers, wms_layers_real, wms_legendlayer, wms_legendlayer_real, wms_querylayers, wms_querylayers_real, update_frequentie_in_dagen, view_geomtype, organizationcodekey, maptipstring, sldattribuut, layoutadmindata) values (6, '1', 'Enkelbestemming', null, null, 0, 2, null, '1', '0', '0', null, '{http://www.deegree.org/app}roowfs_Enkelbestemming', '{http://www.deegree.org/app}fid', '0', null, null, null, null, null, '0', null, null, null, 'roo_BP:Enkelbestemming', null, 'roo_BP:Enkelbestemming', null, null, null, null, null, null, null, null);
insert into themas (id, code, naam, metadata_link, connectie, belangnr, clusters, opmerkingen, analyse_thema, locatie_thema, visible, admin_tabel_opmerkingen, admin_tabel, admin_pk, admin_pk_complex, admin_spatial_ref, admin_query, spatial_tabel_opmerkingen, spatial_tabel, spatial_pk, spatial_pk_complex, spatial_admin_ref, wms_url, wms_layers, wms_layers_real, wms_legendlayer, wms_legendlayer_real, wms_querylayers, wms_querylayers_real, update_frequentie_in_dagen, view_geomtype, organizationcodekey, maptipstring, sldattribuut, layoutadmindata) values (7, '1', 'Dubbelbestemming', null, null, 0, 2, null, '1', '0', '0', null, '{http://www.deegree.org/app}roowfs_Dubbelbestemming', '{http://www.deegree.org/app}fid', '0', null, null, null, null, null, '0', null, null, null, 'roo_BP:Dubbelbestemming', null, 'roo_BP:Dubbelbestemming', null, null, null, null, null, null, null, null);
insert into themas (id, code, naam, metadata_link, connectie, belangnr, clusters, opmerkingen, analyse_thema, locatie_thema, visible, admin_tabel_opmerkingen, admin_tabel, admin_pk, admin_pk_complex, admin_spatial_ref, admin_query, spatial_tabel_opmerkingen, spatial_tabel, spatial_pk, spatial_pk_complex, spatial_admin_ref, wms_url, wms_layers, wms_layers_real, wms_legendlayer, wms_legendlayer_real, wms_querylayers, wms_querylayers_real, update_frequentie_in_dagen, view_geomtype, organizationcodekey, maptipstring, sldattribuut, layoutadmindata) values (8, '1', 'Dubbelbestemming Direct', null, null, 0, 2, null, '1', '0', '0', null, '{http://www.deegree.org/app}Dubbelbestemming', '{http://www.deegree.org/app}fid', '0', null, null, null, null, null, '0', null, null, null, 'roo_BP:Dubbelbestemming', null, 'roo_BP:Dubbelbestemming', null, null, null, null, null, null, null, null);
insert into themas (id, code, naam, metadata_link, connectie, belangnr, clusters, opmerkingen, analyse_thema, locatie_thema, visible, admin_tabel_opmerkingen, admin_tabel, admin_pk, admin_pk_complex, admin_spatial_ref, admin_query, spatial_tabel_opmerkingen, spatial_tabel, spatial_pk, spatial_pk_complex, spatial_admin_ref, wms_url, wms_layers, wms_layers_real, wms_legendlayer, wms_legendlayer_real, wms_querylayers, wms_querylayers_real, update_frequentie_in_dagen, view_geomtype, organizationcodekey, maptipstring, sldattribuut, layoutadmindata) values (10, '1', 'telvakken', null, null, 0, 2, null, '0', '0', '0', null, '{http://www.opengis.net/wfs}pverkeerwf_telvakken_l', '{http://mapserver.gis.umn.edu/mapserver}OBJECTID', '0', null, null, null, null, null, '0', null, null, null, 'plimverkee_telvakken_l', null, 'plimverkee_telvakken_l', null, null, null, null, null, 'telpunt: [TELPUNT]', null, null);
--DROP TABLE waarde_typen;
--CREATE TABLE waarde_typen ( id INTEGER DEFAULT nextval('waarde_typen_id_seq'::regclass) NOT NULL, naam CHARACTER VARYING(255), PRIMARY KEY (id) );
insert into waarde_typen (id, naam) values (1, 'string');
insert into waarde_typen (id, naam) values (2, 'integer');
insert into waarde_typen (id, naam) values (3, 'double');
insert into waarde_typen (id, naam) values (4, 'date');
insert into waarde_typen (id, naam) values (5, 'url');
insert into waarde_typen (id, naam) values (6, 'boolean');
--DROP TABLE zoekconfiguratie;
--CREATE TABLE zoekconfiguratie ( id INTEGER DEFAULT nextval('zoekconfiguratie_id_seq'::regclass) NOT NULL, naam CHARACTER VARYING(255), featuretype CHARACTER VARYING(255), parentbron INTEGER, parentzoekconfiguratie INTEGER, PRIMARY KEY (id) );
insert into zoekconfiguratie (id, naam, featuretype, parentbron, parentzoekconfiguratie) values (1, '', 'app:Plangebied', 1, null);
--DROP TABLE zoekveld;
--CREATE TABLE zoekveld ( id INTEGER DEFAULT nextval('zoekveld_id_seq'::regclass) NOT NULL, naam CHARACTER VARYING(255), label CHARACTER VARYING(255), attribuutnaam CHARACTER VARYING(255), soort INTEGER, volgorde INTEGER, zoekconfiguratie INTEGER, PRIMARY KEY (id) );
insert into zoekveld (id, naam, label, attribuutnaam, soort, volgorde, zoekconfiguratie) values (1, 'plannen', 'Plannen', 'app:overheidscode', 0, null, 1);
